NetFeat,Precision,Recall,AUC,Accuracy,MCC,Diff
clce_0clce_1clce_2clce_3clce_4clce_5clce_6clce_7clce_8clce_9,0.961642328169535,0.888687235329703,0.923593617664852,0.921168656974732,0.845948697020483,0.004331343025268
sgc_0sgc_1sgc_2sgc_3sgc_4sgc_5sgc_6sgc_7sgc_8sgc_9,0.962667711259098,0.890456745311555,0.924978372655777,0.922553219106957,0.848636257249521,0.002946780893043
ebc_0ebc_1ebc_2ebc_3ebc_4ebc_5ebc_6ebc_7ebc_8ebc_9,0.967986388138954,0.886040532365396,0.925770266182698,0.923007528556594,0.850581300592301,0.002492471443406
deg_0deg_1deg_2deg_3deg_4deg_5deg_6deg_7deg_8deg_9,0.963360282586109,0.893912583182093,0.926956291591046,0.92464953271028,0.852621187848498,0.00085046728972
cfcc_0cfcc_1cfcc_2cfcc_3cfcc_4cfcc_5cfcc_6cfcc_7cfcc_8cfcc_9,0.965560149279598,0.893942831215971,0.928471415607985,0.92605356524749,0.855410503208208,-0.000553565247491
dce_0dce_1dce_2dce_3dce_4dce_5dce_6dce_7dce_8dce_9,0.968794788292992,0.894328493647913,0.930164246823956,0.927665282104534,0.859183591801884,-0.002165282104534
clco_0clco_1clco_2clco_3clco_4clco_5clco_6clco_7clco_8clco_9,0.975432952249215,0.898714458560194,0.935857229280097,0.93326194184839,0.870772259100902,-0.007761941848391
